{
	"info": {
		"_postman_id": "29a1abda-36b7-4b61-969f-ab5163cc39b5",
		"name": "Todo list",
		"schema": "https://schema.getpostman.com/json/collection/v2.1.0/collection.json"
	},
	"item": [
		{
			"name": "Display list",
			"request": {
				"auth": {
					"type": "noauth"
				},
				"method": "GET",
				"header": [],
				"url": {
					"raw": "http://{{url}}:{{port}}/todo/",
					"protocol": "http",
					"host": [
						"{{url}}"
					],
					"port": "{{port}}",
					"path": [
						"todo",
						""
					]
				}
			},
			"response": []
		},
		{
			"name": "Add item",
			"request": {
				"auth": {
					"type": "noauth"
				},
				"method": "POST",
				"header": [],
				"url": {
					"raw": "http://{{url}}:{{port}}/todo/add/?newtodo=     ",
					"protocol": "http",
					"host": [
						"{{url}}"
					],
					"port": "{{port}}",
					"path": [
						"todo",
						"add",
						""
					],
					"query": [
						{
							"key": "newtodo",
							"value": "     "
						}
					]
				}
			},
			"response": []
		},
		{
			"name": "Delete item",
			"request": {
				"auth": {
					"type": "noauth"
				},
				"method": "GET",
				"header": [],
				"url": {
					"raw": "http://{{url}}:{{port}}/todo/delete/10",
					"protocol": "http",
					"host": [
						"{{url}}"
					],
					"port": "{{port}}",
					"path": [
						"todo",
						"delete",
						"10"
					]
				}
			},
			"response": []
		},
		{
			"name": "Edit item",
			"request": {
				"auth": {
					"type": "noauth"
				},
				"method": "POST",
				"header": [],
				"url": {
					"raw": "http://{{url}}:{{port}}/todo/edit/3?edittodo=",
					"protocol": "http",
					"host": [
						"{{url}}"
					],
					"port": "{{port}}",
					"path": [
						"todo",
						"edit",
						"3"
					],
					"query": [
						{
							"key": "edittodo",
							"value": ""
						}
					]
				}
			},
			"response": []
		}
	]
}